model,workers,input,time,speedup,efficiency
seq,1,1000000,0.736,1.0,1.0
omp,4,1000000,0.263,2.79848,0.69962
mpi,4,1000000,0.23512,3.13032,0.782579
